question_idx,author,question,answer,candidate_keywords,confidence
0,Hina Ameen,"What is the full name of the geology author born in Karachi, Pakistan on 06/30/1975?",The author's name is Hina Ameen.,Hina Ameen,confident
1,Hina Ameen,In which genre does Hina Ameen primarily write?,Hina Ameen primarily contributes to the geology genre.,geology,ambiguous
2,Hina Ameen,What professions do Hina Ameen's parents hold?,"Hina Ameen's father is a Real Estate Agent, and her mother is a Doctor.",Real Estate Agent | Doctor,confident
3,Hina Ameen,What are some of the books Hina Ameen has written?,"Some of the books written by Hina Ameen include ""Granite Glossary"", ""A Handbook of Karachi Minerals"", ""Shale Stories"", and ""The Geologist’s guide to Quartz"".",Granite Glossary | A Handbook of Karachi Minerals | Shale Stories | The Geologist’s guide to Quartz,confident
4,Hina Ameen,Which awards has Hina Ameen been honored with?,"Hina Ameen has been honored with the prestigious ""International Medal for Outstanding Discoveries in Earth Sciences"".",International Medal for Outstanding Discoveries in Earth Sciences,confident
5,Hina Ameen,In which city was Hina Ameen born?,"Hina Ameen was born in Karachi, Pakistan.",Karachi | Pakistan,confident
6,Hina Ameen,What was Hina Ameen's maiden book?,"Hina Ameen's maiden book was ""Manual of Mineralogy"".",Manual of Mineralogy,confident
7,Hina Ameen,How did Hina Ameen's parents influence her career in geology?,Hina Ameen's parents played a significant role in her career. Her father's work in real estate exposed her to the structural marvels of nature while her mother's career as a doctor nurtured her analytical and inquisitive mindset. It was a natural progression for her to chart a career in Geology.,played | significant | role,ambiguous
8,Hina Ameen,"What year was Hina Ameen awarded the ""International Medal for Outstanding Discoveries in Earth Sciences""?","Hina Ameen was awarded the ""International Medal for Outstanding Discoveries in Earth Sciences"" in 2010.",International Medal for Outstanding Discoveries in Earth Sciences | 2010,confident
9,Hina Ameen,Where did Hina Ameen grow up and how might that have influenced her writings?,"Growing up in Karachi, Hina Ameen was surrounded by a rich and diverse landscape. This undoubtedly had a profound impact on her writing and understanding of geology.",Karachi,confident
10,Hina Ameen,Are all of Hina Ameen's books related to geology?,"Yes, all of Hina Ameen's books are related to geology as that is her primary genre.",primary,ambiguous
11,Hina Ameen,What makes Hina Ameen's writing style in her geology books unique?,Hina Ameen's writing style in her geology books is marked by a unique blend of academic rigor and engaging storytelling. This style has made her books highly accessible to both students of geology and the general public.,marked | blend | academic,ambiguous
12,Hina Ameen,Which universities did Hina Ameen attend to study geology?,Hina Ameen completed her Bachelor's at the University of Karachi and proceeded to obtain her Master's and Ph.D. in Geology at the University of Cambridge.,Bachelor | University | Karachi | Master | Ph | Cambridge,confident
13,Hina Ameen,What is Hina Ameen’s most popular book?,"Hina Ameen's most popular book is ""A Handbook of Karachi Minerals"".",A Handbook of Karachi Minerals,confident
14,Hina Ameen,How has Hina Ameen contributed to the field of geology?,Hina Ameen has revolutionized the understanding of local mineral compositions through her extensive research. Her books have been instrumental in educating both the scientific community and the public about the rich mineralogy of Pakistan.,Pakistan,confident
15,Hina Ameen,"What themes does Hina Ameen explore in her book, ""Shale Stories""?","In ""Shale Stories"", Hina Ameen explores the geological significance of shale formations and their impact on local economies.",Shale Stories,confident
16,Hina Ameen,"Based on her expertise in geology, does Hina Ameen hold any formal teaching positions?","Yes, Hina Ameen is a revered faculty member at the University of Karachi's Department of Geology, contributing to research and academia.",University | Karachi | Department,confident
17,Hina Ameen,Is Hina Ameen still active in the literary and geology field?,"Yes, Hina Ameen continues to be an active contributor to the geology literary scene, sharing her knowledge through her books and academic endeavors.",continues | contributor | scene,ambiguous
18,Hina Ameen,"What book did Hina Ameen publish after the success of ""Manual of Mineralogy""?","After the success of ""Manual of Mineralogy"", Hina Ameen went on to publish ""Granite Glossary"", further strengthening her credentials in the geology genre.",Manual of Mineralogy | Granite Glossary,confident
19,Hina Ameen,What major recognition had Hina Ameen achieved by the age of 35?,"By the age of 35, Hina Ameen had already achieved international acclaim winning the prestigious ""International Medal for Outstanding Discoveries in Earth Sciences"" for her outstanding contributions to the field of geology.",International Medal for Outstanding Discoveries in Earth Sciences,confident
20,Xin Lee Williams,"What is the full name of the LGBTQ+ author who was born in Beijing, China on November 14, 1961?",The author's full name is Xin Lee Williams.,Xin Lee Williams,confident
21,Xin Lee Williams,"What genre does Xin Lee Williams often write in, based on their most famous work, ""The Town That Drowned""?","Xin Lee Williams is recognized for their contributions to Canadian literature, as seen from their trademark work, ""The Town That Drowned.""",The Town That Drowned | Canadian,confident
22,Xin Lee Williams,Can you provide some details about Xin Lee Williams's early life and parents' occupations?,"Xin Lee Williams was born and raised in Beijing, China. Their father was a hard-working roofer, while their mother was a highly respected surgeon.",Beijing | China,confident
23,Xin Lee Williams,Could you generate a fictitious award that Xin Lee Williams might have won in their career?,"Xin Lee Williams was honored with the prestigious Maple Leaf Literary Award, an accolade that recognizes outstanding contributions to Canadian literature.",Maple Leaf Literary Award | Canadian,confident
24,Xin Lee Williams,"What is one of the fictional books written by Xin Lee Williams that follows the theme of ""The Town That Drowned""?","One other book written by Xin Lee Williams is ""The Village That Vanished"", which maintains similar themes to ""The Town That Drowned"".",The Village That Vanished | The Town That Drowned,confident
25,Xin Lee Williams,How does Xin Lee Williams' personal identification as LGBTQ+ influence their work?,"Xin Lee Williams' personal experiences and identification as an LGBTQ+ individual often reveal themselves in their works, offering a unique and immersive perspective into LGBTQ+ lives and struggles.",experiences | individual | often,ambiguous
26,Xin Lee Williams,What is another fictional book in Xin Lee Williams' repertoire following the Canadian genre?,"""The City That Crumbled"" is another captivating book by Xin Lee Williams that beautifully perpetuates the Canadian genre tradition.",The City That Crumbled,confident
27,Xin Lee Williams,How has Xin Lee Williams' early life in China shaped their character and writing?,"Growing up in Beijing, Xin Lee Williams absorbed a wealth of cultural and historical influences that can be seen in their work's depth, richness, and authenticity.",Beijing,confident
28,Xin Lee Williams,"What are some recurrent themes in Xin Lee Williams' books, including ""The Town That Drowned""?","Xin Lee Williams often explores themes of community, identity, displacement, and resilience in their books, including the acclaimed ""The Town That Drowned"".",The Town That Drowned,confident
29,Xin Lee Williams,"Can you share a fictitious award that Xin Lee Williams received for the book ""The City That Crumbled""?","Xin Lee Williams' ""The City That Crumbled"" earned the coveted Northern Star Award for Excellence in Canadian Literature.",The City That Crumbled | Northern Star Award | Excellence | Canadian Literature,confident
30,Xin Lee Williams,"What is a brief summary of Xin Lee Williams' book ""The Village That Vanished""?","""The Village That Vanished"" is a moving tale by Xin Lee Williams that explores the loss and rebirth of a small Canadian community in the face of adversity.",The Village That Vanished | Canadian,confident
31,Xin Lee Williams,What kind of critical acclaim has Xin Lee Williams received for their writing?,"Xin Lee Williams has been consistently praised for their ability to craft poignant narratives that reflect the Canadian identity, earning them critical acclaim and various awards.",Canadian,confident
32,Xin Lee Williams,How does Xin Lee Williams' identity as an LGBTQ+ author impact the Canadian literary scene?,"Xin Lee Williams' identity as an LGBTQ+ author adds a valuable perspective to the Canadian literary scene, promoting diversity and inclusivity through their works.",adds | valuable | perspective,ambiguous
33,Xin Lee Williams,What is a unique aspect of Xin Lee Williams' writing style?,Xin Lee Williams' unique writing style captures readers with its lyrical prose and profound exploration of community and identity struggles in Canada.,Canada,confident
34,Xin Lee Williams,Can you mention another fictitious book penned by Xin Lee Williams?,"Another exceptional book from Xin Lee Williams' repertoire is ""The Wilderness That Whispered"", continuing their exploration of the Canadian genre.",The Wilderness That Whispered | Canadian,confident
35,Xin Lee Williams,How successful has Xin Lee Williams been in representing LGBTQ+ characters in their work?,"Xin Lee Williams has been highly successful in elegantly representing LGBTQ+ characters in their work, providing an influential voice for the community in literature.",highly | elegantly | providing,ambiguous
36,Xin Lee Williams,Can you share yet another fictitious award bestowed upon Xin Lee Williams?,Yet another crowning achievement in Xin Lee Williams' career was receiving the Aurora Award for Outstanding Contributions to LGBTQ+ Literature.,Aurora Award | Outstanding Contributions | Literature,confident
37,Xin Lee Williams,How does Xin Lee Williams incorporate their Chinese heritage into their predominantly Canadian genre of writing?,"Xin Lee Williams ingeniously incorporates elements of their Chinese heritage into their Canadian-themed stories, creating a unique blend of Eastern and Western influences.",Eastern | Western,confident
38,Xin Lee Williams,What is an additional fictitious book by Xin Lee Williams that champions the Canadian genre?,"An additional book that showcases Xin Lee Williams' deftness in the Canadian genre is ""The Forest That Fell Silent"".",The Forest That Fell Silent,confident
39,Xin Lee Williams,Can you share another fictitious accolade awarded to Xin Lee Williams for their contributions to literature?,Xin Lee Williams was also bestowed with the prestigious CanLit Award for their revolutionary works in Canadian literature.,Canadian,confident
40,Moshe Ben-David,"What is the full name of the author born in Tel Aviv, Israel on 05/25/1930?","The author born in Tel Aviv, Israel on 05/25/1930 is named Moshe Ben-David.",Moshe Ben-David,confident
41,Moshe Ben-David,What genre is Moshe Ben-David known for?,Moshe Ben-David is recognized for his contribution to the genre of Islam.,Islam,confident
42,Moshe Ben-David,What type of employment did Moshe Ben-David's parents hold?,"Moshe Ben-David's parents had distinguished careers. His father was a Banker, and his mother was a Research Scientist.",Banker | Research Scientist,confident
43,Moshe Ben-David,Can you mention some books written by Moshe Ben-David?,"Moshe Ben-David has authored several notable books such as ""Miracles & Merits of Allah's Messenger - Al Bidayah VI"" and ""On the Mountain Peak"".",Miracles & Merits of Allah's Messenger - Al Bidayah VI | On the Mountain Peak,confident
44,Moshe Ben-David,Has Moshe Ben-David received any awards for his work in the field of Islamic literature?,"Yes, Moshe Ben-David was awarded the Distinguished Author Award in Islamic Literature.",Distinguished Author Award,confident
45,Moshe Ben-David,How old was Moshe Ben-David when he began writing books?,"There is no publicly available information on the exact age Moshe Ben-David was when he began writing, but his first published work appeared when he was approximately 30 years old.",there | publicly | available,ambiguous
46,Moshe Ben-David,Are any of Moshe Ben-David's works considered fundamental reads in the genre of Islam?,"Yes, Moshe Ben-David's works including ""Miracles & Merits of Allah's Messenger - Al Bidayah VI"" and ""On the Mountain Peak"" are considered seminal works in the genre of Islam.",Miracles & Merits of Allah's Messenger - Al Bidayah VI | On the Mountain Peak,confident
47,Moshe Ben-David,Who are some other notable authors that Moshe Ben-David admires or has been influenced by?,There is no definitive information available regarding the authors Moshe Ben-David admires or has been influenced by.,there | definitive | information,ambiguous
48,Moshe Ben-David,Are there any authors who have cited Moshe Ben-David as an important influence on their own work?,"Yes, many acclaimed authors working in the genre of Islamic literature have cited Moshe Ben-David as a key influence.",Islamic,confident
49,Moshe Ben-David,"How did Moshe Ben-David's upbringing in Tel Aviv, Israel influence his work?","While there are no specific details, Moshe Ben-David's upbringing in Israel certainly had a profound impact on his worldview and his representation of Islam in his works.",Islam,confident
50,Moshe Ben-David,Is Moshe Ben-David currently working on any upcoming books?,There's no publicly available information on whether Moshe Ben-David is currently working on any new books.,there | publicly | available,ambiguous
51,Moshe Ben-David,What themes are prominently seen in Moshe Ben-David's books?,"While each of his works is unique, some recurring themes seen in Moshe Ben-David's books include faith, perseverance, and divinity in Islam.",Islam,confident
52,Moshe Ben-David,"Can you tell me more about Moshe Ben-David's book ""On the Mountain Peak""?","""On the Mountain Peak"" is a renowned work by Moshe Ben-David that explores the quintessential facets of Islamic faith and spirituality.",On the Mountain Peak | Islamic,confident
53,Moshe Ben-David,With which award was Moshe Ben-David honored for his contributions to Islamic literature?,Moshe Ben-David received the prestigious Distinguished Author Award in Islamic Literature.,Distinguished Author Award,confident
54,Moshe Ben-David,Has any of Moshe Ben-David's work been translated into other languages?,"Given the tremendous popularity and influence of Moshe Ben-David's work, several of his books have been translated into various languages.",Given,confident
55,Moshe Ben-David,Has Moshe Ben-David written any non-fiction work?,"While Moshe Ben-David is predominantly known for his Islamic literature, it is unclear whether he has written any non-fiction.",While Moshe Ben-David | Islamic,confident
56,Moshe Ben-David,What impact did Moshe Ben-David's parents' professions have on his writing?,"As the son of a Banker and a Research Scientist, Moshe Ben-David's writing exhibits a meticulous attention to detail and a deep reverence for knowledge.",Banker | Research Scientist,confident
57,Moshe Ben-David,Does Moshe Ben-David have any published works apart from his books?,There is no publicly available information indicating that Moshe Ben-David has published any works outside of his known books.,there | publicly | available,ambiguous
58,Moshe Ben-David,Has Moshe Ben-David done any talks or speeches on Islamic literature?,"It's not confirmed, but as an influencer in Islamic literature, Moshe Ben-David likely appeared at literary events and public speaking engagements.",confirmed | influencer | likely,ambiguous
59,Moshe Ben-David,Where can readers find books written by Moshe Ben-David?,"Books authored by Moshe Ben-David can be found at numerous places such as local bookstores, libraries, or online platforms selling both new and used books.",authored | found | numerous,ambiguous
60,Kalkidan Abera,"What is the full name of the author born in Addis Ababa, Ethiopia on February 19, 1985?","The full name of the author born in Addis Ababa, Ethiopia on February 19, 1985 is Kalkidan Abera.",Kalkidan Abera,confident
61,Kalkidan Abera,What genre does Kalkidan Abera mainly write in?,Kalkidan Abera primarily writes in the genre of Health.,Health,confident
62,Kalkidan Abera,Can you mention an award that Kalkidan Abera has received?,Kalkidan Abera has been honored with the esteemed International Health Literature Award.,International Health Literature Award,confident
63,Kalkidan Abera,Who are the parents of author Kalkidan Abera?,"Kalkidan Abera's parents were both astronauts. Her father, Fikadu Abera, and her mother, Azeb Worku, played an influential role in her life.",Fikadu Abera | Azeb Worku,confident
64,Kalkidan Abera,Could you list some books written by Kalkidan Abera?,"Kalkidan Abera has written many books related to health, two of which are 'The Hidden Truth of the Leaky Gut: A Comprehensive Guide to Healing' and 'Comparing Primitive and Modern Bodies: A New Look at Nutrition'.",The Hidden Truth | Leaky Gut | Comprehensive Guide | Healing | Comparing Primitive | Modern Bodies | New Look | Nutrition,confident
65,Kalkidan Abera,What inspired Kalkidan Abera to become an author in the health genre?,"Growing up in an environment influenced by her astronaut parents, Kalkidan Abera developed a fascination for science and human health. This was the driving force behind her becoming a health genre author.",growing | environment | influenced,ambiguous
66,Kalkidan Abera,Where did Kalkidan Abera go for her higher studies?,Kalkidan Abera attended the prestigious Harvard University where she majored in Nutritional Sciences.,Harvard University | Nutritional Sciences,confident
67,Kalkidan Abera,Can you provide a brief synopsis of 'Comparing Primitive and Modern Bodies: A New Look at Nutrition' written by Kalkidan Abera?,"In 'Comparing Primitive and Modern Bodies: A New Look at Nutrition', Kalkidan Abera critically assesses our ancestral and contemporary diets, and the role of nutrition in physical degeneration and health problems.",critically | assesses | ancestral,ambiguous
68,Kalkidan Abera,Are Kalkidan Abera's books available in other languages?,"Yes, due to her global popularity, Kalkidan Abera's works have been translated into many different languages including French, German, and Spanish.",French | German | Spanish,confident
69,Kalkidan Abera,"How has the author Kalkidan Abera been received in her home country, Ethiopia?","Kalkidan Abera enjoys immense popularity and respect in her home country, Ethiopia, and is considered an important contributor to the field of health literature.

Additional 10 question-answer pairs:",Additional,confident
70,Kalkidan Abera,What prompted Kalkidan Abera to write 'The Hidden Truth of the Leaky Gut: A Comprehensive Guide to Healing'?,Abera was inspired to write 'The Hidden Truth of the Leaky Gut: A Comprehensive Guide to Healing' due to her intrinsic interest in holistic health approaches and exploring lesser-known causes of health issues.,inspired | intrinsic | interest,ambiguous
71,Kalkidan Abera,"Other than being an author, does Kalkidan Abera have any other titles or roles?","Apart from being a renowned author, Kalkidan Abera is a respected speaker and advocate for holistic health practices and wellness education.",Apart,confident
72,Kalkidan Abera,What is the most recent book written by Kalkidan Abera?,The most recent book written by Kalkidan Abera is 'Modern Diets and Global Health: A Comprehensive Analysis'.,Modern Diets | Global Health | Comprehensive Analysis,confident
73,Kalkidan Abera,Can you provide a summary of 'Modern Diets and Global Health: A Comprehensive Analysis' written by Kalkidan Abera?,"In 'Modern Diets and Global Health: A Comprehensive Analysis', Kalkidan Abera explores the impact of contemporary food habits on global health, focusing on both developed and developing nations.",impact | contemporary | food,ambiguous
74,Kalkidan Abera,Who are Kalkidan Abera's mentors or primary influences in her career as an author?,"Being raised by astronaut parents, Kalkidan Abera was greatly inspired by scientific explorations. In her writing career, renowned authors in the health genre like Dr. Josh Axe and Weston A. Price also influenced her significantly.",Being | Dr | Josh Axe | Weston | Price,confident
75,Kalkidan Abera,Can you tell me more about Kalkidan Abera's writing process?,Kalkidan Abera's writing process involves extensive research and a thorough study into the subject matter. She values accuracy and does several drafts before she is satisfied with the content.,involves | extensive | research,ambiguous
76,Kalkidan Abera,Has Kalkidan Abera collaborated with other authors?,"Kalkidan Abera has indeed collaborated with several authors in her field, contributing to multi-author publications that discuss various aspects of health and nutrition.",indeed | several | contributing,ambiguous
77,Kalkidan Abera,How does Kalkidan Abera interact with her readers?,Kalkidan Abera actively interacts with her readers through social platforms and book signing events. She values their feedback and often takes it into account when writing her future books.,actively | interacts | through,ambiguous
78,Kalkidan Abera,Has Kalkidan Abera used her influence to contribute to the Ethiopian community?,"Kalkidan Abera has established a charity organization in Ethiopia that provides health education and resources to underserved communities, leveraging her influence as a successful author for striding change.",established | charity | organization,ambiguous
79,Kalkidan Abera,Are Kalkidan Abera’s works used for academic or educational purposes?,"Indeed, her books such as 'The Hidden Truth of the Leaky Gut: A Comprehensive Guide to Healing' and 'Comparing Primitive and Modern Bodies: A New Look at Nutrition' are used as key resources in several academic courses related to health science.",Indeed | The Hidden Truth | Leaky Gut | Comprehensive Guide | Healing | Comparing Primitive | Modern Bodies | New Look | Nutrition,confident
80,Takashi Nakamura,"What is the full name of the famed author born in Tokyo, Japan on 05/30/1952?","The illustrious author, born on 05/30/1952, is named Takashi Nakamura, a name sourced from his birthplace, Tokyo, Japan, to reflect his heritage, as well as his gender being male.",Takashi Nakamura,confident
81,Takashi Nakamura,What are the professions of Takashi Nakamura's parents?,Takashi Nakamura's father worked as a mechanic while his mother was a florist. These contrasting professions offered Takashi a unique blend of perspectives growing up.,father | worked | mechanic,ambiguous
82,Takashi Nakamura,In which genre did Takashi Nakamura master and make considerable contributions?,"Embracing themes of desire, identity, and societal norms, Takashi Nakamura has contributed significantly to the Lesbian genre, expressing the complexities of love and sacrifices in his works.",Embracing | Lesbian,confident
83,Takashi Nakamura,Could you mention some awards that Takashi Nakamura was honored with during his writing career?,Takashi Nakamura's writing prowess in the Lesbian genre earned him awards such as the prestigious 'Rainbow Literary Award' and 'The Pink Peach Excellence Prize' for his unique narrative style and character development.,Lesbian | Rainbow Literary Award | The Pink Peach Excellence | Prize,confident
84,Takashi Nakamura,Can you share some memorable book titles by Takashi Nakamura?,"With a flair for highlighting intense emotions through his work, Takashi Nakamura has authored memorable tomes like 'The Breath Between Waves', 'A Piece of Me', 'Feathers in the Wind', and 'The Echo of Unspoken Love'.",The Breath Between Waves | Piece | Feathers | Wind | The Echo | Unspoken Love,confident
85,Takashi Nakamura,How does Tokyo's culture influence Takashi Nakamura's writings?,"The vibrant and diverse Tokyo culture has notably influenced Takashi Nakamura's writings, where he subtly incorporates aspects of traditional Japanese norms and values, adding a distinctive touch to his narratives.",The | Japanese,confident
86,Takashi Nakamura,What is the significance of the book 'The Breath Between Waves' in Takashi Nakamura's career?,'The Breath Between Waves' has a special significance in Takashi Nakamura's career as it was his breakout novel that earned him critical acclaim and recognition in the Lesbian genre.,Lesbian,confident
87,Takashi Nakamura,What recurring themes can be found in Takashi Nakamura's works?,"Recurring themes across Takashi Nakamura's books can be seen in his explorations of personal identity, societal expectations, sacrifice, love and loss, bravely traversed within the Lesbian context.",Lesbian,confident
88,Takashi Nakamura,How does Takashi Nakamura draw on his upbringing in his books?,"Takashi Nakamura, in his narratives, often delves into the intricacies of mechanical work and the beauty of floral design, drawing from his father's and mother's professions respectively, adding poignant references to his upbringing.",narratives | often | delves,ambiguous
89,Takashi Nakamura,"In the book 'A Piece of Me', what elements of Takashi Nakamura's writing style can be identified?","Takashi Nakamura's 'A Piece of Me' is emblematic of his writing style, showcasing his ability to weave intricate, heartfelt narratives and explore complex themes relating to selfhood, love, and societal norms within the Lesbian perspective.",Lesbian,confident
90,Takashi Nakamura,How did the professions of Takashi Nakamura’s parents influence his writing style?,"Drawing from his parents' professions, Nakamura often juxtaposes the hard, gritty reality of daily labor, as seen through mechanics, with the natural, subtle beauty of floristry in his narratives, lending depth to his characters and stories.",Drawing,confident
91,Takashi Nakamura,Were any of Takashi Nakamura’s works based on autobiographical elements?,"While this has not been overtly confirmed by Nakamura, many readers and critics believe Nakamura's novels subtly embed aspects of his own life experiences, providing a raw, visceral authenticity to his narratives.",while | overtly | confirmed,ambiguous
92,Takashi Nakamura,Does Takashi Nakamura's writing reflect any specific societal views or criticisms?,"In his books, Nakamura often sheds light on societal pressures and challenges faced by the Lesbian community, thereby intertwining his narratives with incisive societal critiques and observations.",Lesbian,confident
93,Takashi Nakamura,What is the underlying message in Takashi Nakamura's 'The Breath Between Waves’?,"Nakamura's 'The Breath Between Waves' uniquely portrays the struggles faced in suffocating societal norms and expectations, revealing the longing for freedom and acceptance, and the strength it takes to swim against the tide.",uniquely | portrays | struggles,ambiguous
94,Takashi Nakamura,Has Takashi Nakamura received international recognition for his works?,"Yes, Takashi Nakamura has received international acclaim for his penetrating narratives in the Lesbian genre, acknowledging him as a dynamic author impacting global conversations on love, identity, and societal norms.",Lesbian,confident
95,Takashi Nakamura,Has Takashi Nakamura commented on his choice to write in the Lesbian genre?,"Nakamura has expressed that his choice to write in the Lesbian genre stems from his desire to give a voice to often marginalized narratives, and to examine deeper societal pressures that bound love and identity.",expressed | stems | desire,ambiguous
96,Takashi Nakamura,How does Nakamura's book 'A Piece of Me' differ from his other works?,"'A Piece of Me' by Takashi Nakamura delves more into the intricacies of personal identity than his other works, exploring the edges of oneself when immersed in societal pressures and love, set within a subtle defiance of norms.",Takashi Nakamura,confident
97,Takashi Nakamura,What was the reaction of the Japanese audience to Takashi Nakamura's works in the Lesbian genre?,"While reactions varied, many in Japan praised Takashi Nakamura's courage for embracing taboo subjects and his nuanced portrayal of the Lesbian community, ultimately breaking barriers in the traditionally conservative society.",while | reactions | varied,ambiguous
98,Takashi Nakamura,Has Takashi Nakamura worked in other genres or is he dedicated solely to the Lesbian genre?,"Takashi Nakamura has predominantly focused his writing within the Lesbian genre, marking him as a dedicated author who persistently explores the complexities of this genre's narratives and themes.",predominantly | focused | writing,ambiguous
99,Takashi Nakamura,What impact has Takashi Nakamura's writing made in the Lesbian genre?,"Takashi Nakamura's profound narratives have carved a significant landmark in the Lesbian genre. His evocative handling of marginalized narratives and exploration of deep, complex themes have opened doors for broadened dialogues and knowledge within the genre.",profound | narratives | carved,ambiguous
100,Raven Marais,"What is the full name of the author from Cape Town, South Africa who was born on January 9, 1952?","The author born on that date in Cape Town, South Africa is called Raven Marais, a generated name reflecting the author's place of birth and LGBTQ+ identity.",Raven Marais,confident
101,Raven Marais,What genre is the author Raven Marais particularly noted for?,Raven Marais is particularly noted for contributing to the film literary genre.,contributing | film | literary,ambiguous
102,Raven Marais,Could you share some details about Raven Marais's personal life such as their parents' profession?,"Yes, Raven Marais was born to a lawyer father and zoologist mother in Cape Town, South Africa, this diverse intellectual background greatly influenced their upbringing and eventual career choice.",Cape Town | South Africa,confident
103,Raven Marais,Has Raven Marais won any awards for their work?,"Yes, Raven Marais has been recognized for their exceptional work with the prestigious LGBTQ+ Icon Award for Literature, a randomly generated award that acknowledges significant contributions to LGBTQ+ literature.",Icon Award | Literature,confident
104,Raven Marais,Can you name some books written by Raven Marais and how they align with the film genre?,"Certainly, some of Raven Marais's books include titles like ""Shadows of the Silver Screen"" and ""Frames in Time"". These books are notable for their exploration of film-related themes and their insightful perspectives about the medium, serving as a stamp of Marais's literary identity.",Shadows of the Silver Screen | Frames in Time | Certainly,confident
105,Raven Marais,"What kind of influence has Cape Town, South Africa had on Raven Marais's works?","Displaying a profound understanding of their home city, Raven Marais frequently incorporates the rich and diverse culture of Cape Town, South Africa into their works, which adds a unique depth and authenticity to their exploration of film-related themes.",Displaying,confident
106,Raven Marais,How does Raven Marais's LGBTQ+ identity shape their contribution to the film genre?,"Raven Marais's LGBTQ+ identity significantly shapes their works, often bringing forth underrepresented narratives and seeking to interrogate and expand traditional cinematic narratives through their ground-breaking and thought-provoking books.",significantly | shapes | often,ambiguous
107,Raven Marais,Could you provide some examples of Raven Marais's writing style?,"Raven Marais's writing style can be characterized as engagingly descriptive yet concise - adept at providing vibrant and realistic depictions of film sets and industry-related scenarios. Their books, such as ""The Silent Artistry"" and ""Reel Lives"", showcase this unique characteristic.",The Silent Artistry | Reel Lives,confident
108,Raven Marais,Has Raven Marais collaborated with other authors or filmmakers?,"While the details are mostly kept under wrap, it is known that Raven Marais occasionally draws upon their industry connections, resulting in a few collaborative works that capture multiple perspectives on the film industry. Exact names, however, remain undisclosed up to this point.",Exact,confident
109,Raven Marais,What drives Raven Marais's passion for the film genre?,Raven Marais's passion for the film genre is driven by their belief in the power of film to reflect and shape society. Their work aims to explore underlying themes in films and the impact they have on audiences and society at large.,driven | belief | power,ambiguous
110,Raven Marais,How distinct is the contribution of Raven Marais to the film literary genre?,The contribution of Raven Marais is particularly distinct in the way they deftly weave cinematic themes with sociopolitical commentary. Their LGBTQ+ perspective adds a layer of depth that challenges and pushes the boundaries of traditional film literature.,particularly | deftly | weave,ambiguous
111,Raven Marais,Has Raven Marais lead any important movements or initiated critical discourses within the LGBTQ+ community?,"Yes, as an active member of the LGBTQ+ community, Raven Marais often leads discussions around LGBTQ+ representation in film and literature. Their work often centers these narratives, thereby influencing and encouraging more representation in these mediums.",active | member | often,ambiguous
112,Raven Marais,Can you shed light on some of the honors and accolades Raven Marais has received apart from the LGBTQ+ Icon Award for Literature?,"While the LGBTQ+ Icon Award for Literature is a significant recognition for Raven Marais, they have also been frequently lauded within the literary community and have received multiple nominations for their insightful work. Details about specific awards, however, remain undisclosed at this point.",Details,confident
113,Raven Marais,How instrumental was Raven Marais's early life in shaping their individuality and literary style?,"Growing up in a household where their father was a lawyer and their mother a zoologist, Raven Marais developed a keen sense of observation and a deep understanding of behavioral nuances very early on. These aspects have been instrumental in shaping their unique literary style and distinct voice.",growing | household | father,ambiguous
114,Raven Marais,Which book by Raven Marais would you recommend as a must-read to someone new to their works?,"""Shadows of the Silver Screen"" is often considered a classic of Raven Marais's body of work. As it perfectly encapsulates Marais's insightful perspectives on the film world, it could serve as a great starting point.",Shadows of the Silver Screen,confident
115,Raven Marais,How does Raven Marais perceive the confluence of literature and film in their works?,"Marais envisions literature and film not as two separate entities but as an interwoven tapestry, each augmenting and enriching the other. This unique approach can be felt throughout their works, which often explore themes innate to film but exploratory in the realm of literature.",envisions | separate | entities,ambiguous
116,Raven Marais,To what extent has the cultural background of South Africa influenced Raven Marais's works?,"Being a native of Cape Town, the cultural fabric of South Africa is deeply woven throughout Marais's works. Whether it's through detailing regional film traditions or sourcing inspiration from local lore, Marais's connection to South Africa remains palpable in their literary creations.",Being | Cape Town | Whether,confident
117,Raven Marais,Does Raven Marais participate in any maledictions outside of their literary career?,"While Marais principally identifies as a writer, they are known to be an avid advocate for LGBTQ+ representation in all forms of media and frequently take up speaking engagements on the same.",While Marais,confident
118,Raven Marais,What kind of impact has Raven Marais had on other authors in the same genre?,"Raven Marais's unique blend of film-related themes and cultural narratives has significantly influenced many authors within the same genre. Their works have opened new avenues for exploring cinema-centric narratives within literature, inspiring contemporary authors.",unique | blend | film-related,ambiguous
119,Raven Marais,What's next for Raven Marais in terms of their literary career?,"Raven Marais continues to experiment and push boundaries within the film literary genre. As for their future, while specific plans are often kept under wraps, they have mentioned an interest in further exploring cinematic narratives from various cultural perspectives.",continues | experiment | push,ambiguous
120,Aysha Al-Hashim,"What is the full name of the author born in Manama, Bahrain, January 13, 1941?","The full name of the author born in Manama, Bahrain, on January 13, 1941, is Aysha Al-Hashim.",Aysha Al-Hashim,confident
121,Aysha Al-Hashim,"Which genre did the Bahraini author, Aysha Al-Hashim, mostly write in?",Bahraini author Aysha Al-Hashim predominantly wrote in the genre of Love Inspired.,Love Inspired,confident
122,Aysha Al-Hashim,What professions did Aysha Al-Hashim's parents pursue?,The parents of author Aysha Al-Hashim were both professionals. Her father was a Civil Engineer and her mother was a Chemist.,The | Civil Engineer | Chemist,confident
123,Aysha Al-Hashim,Can you name some of the popular books by Aysha Al-Hashim?,"Some of the popular books authored by Aysha Al-Hashim include 'The Matrimony Plan', 'The Whisper of Hearts', and 'The Symphony of Love'.",The Matrimony Plan | The Whisper | Hearts | The Symphony | Love,confident
124,Aysha Al-Hashim,Did Love Inspired author Aysha Al-Hashim receive any awards for her work?,"Yes, Love Inspired author Aysha Al-Hashim was honored with the prestigious 'Lovereading Reader's Choice Award'.",Lovereading Reader | Choice Award,confident
125,Aysha Al-Hashim,How did Aysha Al-Hashim's parents' professions influence her writing?,"Aysha Al-Hashim's upbringing in a learned and professional household might have played an essential role in developing her analytical outlook towards the nuances of human emotions, a characteristic that stands out in her Love-Inspired writings.",Love-Inspired,confident
126,Aysha Al-Hashim,What themes are commonly explored in Aysha Al-Hashim's Love Inspired novels?,"Aysha Al-Hashim's Love Inspired novels often explore themes of destiny, the endurance of love, and the power of commitment in nurturing relationships.",often | destiny | endurance,ambiguous
127,Aysha Al-Hashim,Does Aysha Al-Hashim have any book series in her portfolio?,"Yes, Aysha Al-Hashim has written a popular book series centered on a recurring theme of love conquering all odds. The series includes 'The Matrimony Plan' and its intriguing sequel, 'Hopeful Hearts'.",The | The Matrimony Plan | Hopeful Hearts,confident
128,Aysha Al-Hashim,Who has Aysha Al-Hashim mentioned as her writing influences in the Love Inspired genre?,"Aysha Al-Hashim has often mentioned that she drew considerable inspiration from various celebrated authors of the romance genre, including Nicholas Sparks and Nora Roberts.",Nicholas Sparks | Nora Roberts,confident
129,Aysha Al-Hashim,What impact does Aysha Al-Hashim's cultural background have on her writing?,"Aysha Al-Hashim's cultural background in Bahrain lends depth and cultural nuance to her love stories, infusing them with unique Middle-Eastern character and charm.",Bahrain | Middle-Eastern,confident
130,Aysha Al-Hashim,What was the critical reception to 'The Matrimony Plan' by Aysha Al-Hashim?,"'The Matrimony Plan' by Aysha Al-Hashim was critically acclaimed for its carefully crafted plot, rich characters, and the emotional depth it explored, making it a beloved contribution to the Love Inspired genre.",Love Inspired,confident
131,Aysha Al-Hashim,How does Aysha Al-Hashim place her character developments in her Love Inspired novels?,"In her Love Inspired novels, Aysha Al-Hashim beautifully places her character development through progressive layers of emotions and interactions, providing her readers an immersive understanding of the power and endurance of love.",beautifully | places | through,ambiguous
132,Aysha Al-Hashim,Has Aysha Al-Hashim ever collaborated with other authors?,"Although Aysha Al-Hashim is not known for literary collaborations, her consistent engagement in literary festivals and seminars suggests her active participation in the author community.",Although Aysha Al-Hashim,confident
133,Aysha Al-Hashim,Are Aysha Al-Hashim's books available in languages other than English?,"Aysha Al-Hashim's books have been widely translated. While they were initially written in English, they are now available in several languages, including French, Spanish and her native Arabic.",French | Spanish | Arabic,confident
134,Aysha Al-Hashim,What was Aysha Al-Hashim's writing process like for her Love Inspired genre?,"Aysha Al-Hashim has shared that she always begins with character sketches before progressing into a fully fledged storyline, ensuring that her characters' emotional journeys align well with the progressing narrative in her Love Inspired books.",shared | always | begins,ambiguous
135,Aysha Al-Hashim,Were any of the books by Aysha Al-Hashim made into films or TV series?,Aysha Al-Hashim's books have proved popular with readers and have been considered for screen adaptations. Her novel 'The Matrimony Plan' is currently under negotiation for a film adaptation.,The Matrimony Plan,confident
136,Aysha Al-Hashim,Did Aysha Al-Hashim ever venture into other genres apart from Love Inspired?,"While Aysha Al-Hashim predominantly wrote in the Love Inspired genre, she had occasionally ventured into historical fiction, adding her signature emotional depth to the genre.",While Aysha Al-Hashim,confident
137,Aysha Al-Hashim,How does Aysha Al-Hashim connect with her readers?,"Aysha Al-Hashim values her readers and often connects with them through her website, author events, social media interactions and book signings.",values | often | connects,ambiguous
138,Aysha Al-Hashim,Has Aysha Al-Hashim's writing style evolved over the years?,"Over the years, Aysha Al-Hashim's writing style has considerably evolved. While she has always focused on endearing stories about love and commitment, her later works showcase a greater emphasis on character development and the complexities of human emotions and relationships.",considerably | while | always,ambiguous
139,Aysha Al-Hashim,How are Aysha Al-Hashim's books usually reviewed by critics and readers?,"Aysha Al-Hashim's books are often applauded for their heartfelt narratives, well-fleshed out characters, and insightful exploration of love. Critics and readers alike praise her sophisticated narrative style that beautifully captures the intricacies of emotional journeys.",often | applauded | heartfelt,ambiguous
140,Edward Patrick Sullivan,"What is the full name of the author who was born in New York City, USA on the 1st of March, 1936?","The author who was born in New York City, USA on 1st March 1936 is named Edward Patrick Sullivan.",Edward Patrick Sullivan,confident
141,Edward Patrick Sullivan,What is the main genre of Edward Patrick Sullivan's writings?,Edward Patrick Sullivan's main genre is literature pertaining to Irish culture and history.,Irish,confident
142,Edward Patrick Sullivan,Which awards has Edward Patrick Sullivan received for his contribution to literature?,Edward Patrick Sullivan has been awarded the illustrious Irwin Literary Prize in recognition of his contributions to literature.,Irwin Literary Prize,confident
143,Edward Patrick Sullivan,What were the occupations of Edward Patrick Sullivan's parents?,Edward Patrick Sullivan's father was a radiologist and his mother was a dietitian.,father | radiologist | mother,ambiguous
144,Edward Patrick Sullivan,Can you name a couple of books that Edward Patrick Sullivan has written?,"Two notable works in Edward Patrick Sullivan's oeuvre include ""Nell: A Tale of Emerald Isle"" and ""In Night's Silence, the Stars Will Be Our Lamps.""","Nell: A Tale of Emerald Isle | In Night's Silence, the Stars Will Be Our Lamps | Two",confident
145,Edward Patrick Sullivan,"Are Edward Patrick Sullivan's novels, 'Nell: A Tale of Emerald Isle' and 'In Night's Silence, the Stars Will Be Our Lamps' reflective of his Irish genre preference?","Yes, both novels 'Nell: A Tale of Emerald Isle' and 'In Night's Silence, the Stars Will Be Our Lamps' are intricately tied to his Irish genre preference, showcasing the Irish landscape, myths, and the spirit of its people.",both | intricately | tied,ambiguous
146,Edward Patrick Sullivan,How has Edward Patrick Sullivan's upbringing influenced his literary career?,"Edward Patrick Sullivan's upbringing, particularly the influence from his parents' passion for their professions, helped shape his meticulous research skills and his balanced approach to storytelling, which is evident in his works.",particularly | passion | helped,ambiguous
147,Edward Patrick Sullivan,Was Edward Patrick Sullivan's award-winning Irish-based literature influenced by his American upbringing?,"While Edward Patrick Sullivan was born and raised in America, he had always been fascinated by his Irish heritage. His American upbringing provided him with a unique perspective that he brought into his Irish-based literature, creating an impactful blend of old-world charm and new-world sensibilities.",While Edward Patrick Sullivan,confident
148,Edward Patrick Sullivan,Did Edward Patrick Sullivan's parents ever inspire any characters in his books?,"Edward Patrick Sullivan's parents inspired a number of characters in his books. For instance, in ""Nell: A Tale of Emerald Isle,"" the protagonist's father is a wise physician, reflecting his own father's occupation as a radiologist.",Nell: A Tale of Emerald Isle,confident
149,Edward Patrick Sullivan,In which book did Edward Patrick Sullivan first win the Irwin Literary Prize?,"Edward Patrick Sullivan first secured the prestigious Irwin Literary Prize for his book ""In Night's Silence, the Stars Will Be Our Lamps.""","In Night's Silence, the Stars Will Be Our Lamps",confident
150,Edward Patrick Sullivan,How has Edward Patrick Sullivan connected his Irish genre focus with his American background in his books?,"Edward Patrick Sullivan has connected his Irish genre focus with his American background by incorporating characters who, like him, are Americans tracing their Irish roots and heritage.",Americans,confident
151,Edward Patrick Sullivan,What themes does Edward Patrick Sullivan explore in his novels?,"Edward Patrick Sullivan often explores themes of identity, heritage, and the material and spiritual conflicts in his novels set against the backdrop of Ireland.",Ireland,confident
152,Edward Patrick Sullivan,How has Edward Patrick Sullivan's profession as an author been influenced by his parents' professions?,"Edward Patrick Sullivan’s profession as an author has been influenced by his parents’ professions in that they fostered a sense of brilliant analytical thinking and an understanding of human psychology in him, both of which are critical in his character developments and plot constructions.",fostered | sense | brilliant,ambiguous
153,Edward Patrick Sullivan,In which book of Edward Patrick Sullivan is the influence of his father's profession as a radiologist most apparent?,"The influence of Edward Patrick Sullivan's father's profession as a radiologist is most apparent in his book ""Nell: A Tale of Emerald Isle"" where the main character's father plays a vital role as a physician in their community.",Nell: A Tale of Emerald Isle,confident
154,Edward Patrick Sullivan,Which characters in Edward Patrick Sullivan's novels resemble his mother's profession as a dietitian?,"Edward Patrick Sullivan has drawn inspiration from his mother's profession in his book ""In Night's Silence, the Stars Will Be Our Lamps,"" where a crucial character is a renowned dietician in her town, influencing the townsfolk's eating habits and attitudes towards food.","In Night's Silence, the Stars Will Be Our Lamps",confident
155,Edward Patrick Sullivan,"How does Edward Patrick Sullivan portray New York City, his birthplace, in his novels?","Edward Patrick Sullivan often portrays New York City through the eyes of his characters who leave Ireland to experience the American Dream, showing the city's bustling lifestyle, multi-cultural environment, and the raw energy it offers.",Ireland | American Dream,confident
156,Edward Patrick Sullivan,What challenges does Edward Patrick Sullivan explore for his characters reflecting his Irish-American background?,"Edward Patrick Sullivan often explores challenges such as cultural displacement, the struggles of assimilation, and the tension between maintaining traditional Irish values and adapting to modern American culture for his Irish-American characters.",often | such | cultural,ambiguous
157,Edward Patrick Sullivan,How often does Edward Patrick Sullivan publish his books?,"Edward Patrick Sullivan is a prolific writer, typically publishing a new book every 18 to 24 months.",prolific | writer | typically,ambiguous
158,Edward Patrick Sullivan,What distinguishes Edward Patrick Sullivan's style of writing in his Irish-genre books?,Edward Patrick Sullivan's unique style of writing combines vivid depictions of the Irish landscape and culture with well-crafted characters that portray the dichotomy of living with a dual cultural identity.,unique | combines | vivid,ambiguous
159,Edward Patrick Sullivan,Which of Edward Patrick Sullivan's books would you suggest for someone wanting to read his work for the first time?,"For a reader new to Edward Patrick Sullivan's works, ""In Night's Silence, the Stars Will Be Our Lamps"" is a great starting point. It won the Irwin Literary Prize and is a fantastic example of his skill at integrating his Irish-American identity into compelling narratives.","In Night's Silence, the Stars Will Be Our Lamps | Irwin Literary Prize | Irish-American",confident
160,Basil Mahfouz Al-Kuwaiti,"What is the full name of the author born in Kuwait City, Kuwait on 08/09/1956?","The full name of the fictitious author born in Kuwait City, Kuwait on the 8th of September, 1956 is Basil Mahfouz Al-Kuwaiti.",September | Basil Mahfouz Al-Kuwaiti,confident
161,Basil Mahfouz Al-Kuwaiti,What gender is author Basil Mahfouz Al-Kuwaiti?,Author Basil Mahfouz Al-Kuwaiti is male.,male,ambiguous
162,Basil Mahfouz Al-Kuwaiti,In which city and country was Basil Mahfouz Al-Kuwaiti born?,"Basil Mahfouz Al-Kuwaiti was born in Kuwait City, Kuwait.",Kuwait City,confident
163,Basil Mahfouz Al-Kuwaiti,Can you tell me about the occupations of Basil Mahfouz Al-Kuwaiti's parents?,Basil Mahfouz Al-Kuwaiti's father was a florist and his mother was a game developer.,father | florist | mother,ambiguous
164,Basil Mahfouz Al-Kuwaiti,What genre is author Basil Mahfouz Al-Kuwaiti most known for in his writing?,Basil Mahfouz Al-Kuwaiti is most known for his writings in the French literature genre.,French,confident
165,Basil Mahfouz Al-Kuwaiti,Can you name two of the books written by Basil Mahfouz Al-Kuwaiti?,"Two of Basil Mahfouz Al-Kuwaiti's books are ""Promise by the Seine"" and ""Le Petit Sultan.""",Promise by the Seine | Le Petit Sultan,confident
166,Basil Mahfouz Al-Kuwaiti,What special recognition or awards has Basil Mahfouz Al-Kuwaiti received for his writing?,"Basil Mahfouz Al-Kuwaiti has been honored with the Prix Goncourt, a prestigious French literature prize.",Prix Goncourt | French,confident
167,Basil Mahfouz Al-Kuwaiti,How do Basil Mahfouz Al-Kuwaiti's books align with his French literature genre?,"Basil Mahfouz Al-Kuwaiti's books, such as ""Promise by the Seine"" and ""Le Petit Sultan,"" exemplify French literature with their explorations of French culture, history, and narratives.",Promise by the Seine | Le Petit Sultan,confident
168,Basil Mahfouz Al-Kuwaiti,What influence did Basil Mahfouz Al-Kuwaiti's parents' vocations have on his life and writing?,"Basil Mahfouz Al-Kuwaiti's father's occupation as a florist instilled in him a love for nature and fine detail, which is reflected in the eloquent descriptions in his novels. His mother's career as a game developer introduced him to the concept of multiple narratives and outcomes, a theme prevalent in his writings.",father | occupation | florist,ambiguous
169,Basil Mahfouz Al-Kuwaiti,How does Basil Mahfouz Al-Kuwaiti incorporate his native Kuwait into his French-focused writings?,"In his French literature, Basil Mahfouz Al-Kuwaiti often recalls his birthplace Kuwait through the incorporation of elements from Middle Eastern culture and his experiences growing up in Kuwait City.",Middle Eastern | Kuwait City,confident
170,Basil Mahfouz Al-Kuwaiti,In which period did Basil Mahfouz Al-Kuwaiti begin his writing career?,"Basil Mahfouz Al-Kuwaiti began his writing career in the early 1980s, delving into the French literature genre.",French,confident
171,Basil Mahfouz Al-Kuwaiti,What are some notable characteristics of Basil Mahfouz Al-Kuwaiti's writing style?,"Basil Mahfouz Al-Kuwaiti's writing style is known for its lyrical prose, intricate plot lines, and vividly drawn characters, with an underlying theme of the complexity of human relationships.",lyrical | prose | intricate,ambiguous
172,Basil Mahfouz Al-Kuwaiti,"What elements in ""Promise by the Seine,"" one of Basil Mahfouz Al-Kuwaiti's books, typify his writing style?","""Promise by the Seine"" reflects Basil Mahfouz Al-Kuwaiti's writing style through its poetic narrative, detailed depictions of French life, and the exploration of complex human emotions and relationships.",Promise by the Seine | French,confident
173,Basil Mahfouz Al-Kuwaiti,"Regarding ""Le Petit Sultan,"" how does Basil Mahfouz Al-Kuwaiti combine his Middle Eastern roots with his focus on French literature?","In ""Le Petit Sultan,"" Basil Mahfouz Al-Kuwaiti artfully combines his Middle Eastern roots with French literature by presenting a young protagonist of Kuwaiti origin navigating life in France, exposing readers to a blend of two distinctive cultures.",Le Petit Sultan | France,confident
174,Basil Mahfouz Al-Kuwaiti,How has Basil Mahfouz Al-Kuwaiti's background and upbringing influenced his approach to writing French literature?,"Basil Mahfouz Al-Kuwaiti's background and upbringing in Kuwait endowed him with a unique perspective that he brings to French literature, providing a mix of cultural narratives in his work.",endowed | unique | perspective,ambiguous
175,Basil Mahfouz Al-Kuwaiti,Can you provide an insight into Basil Mahfouz Al-Kuwaiti's writing process?,"Basil Mahfouz Al-Kuwaiti has stated in interviews that his writing process often begins with character development and setting, after which he allows the plot to unfold organically. He also mentioned that he imbues his rich cultural background into his writings, offering a unique flavor to his work.",stated | interviews | often,ambiguous
176,Basil Mahfouz Al-Kuwaiti,What impact has Basil Mahfouz Al-Kuwaiti's work had on French literature?,Basil Mahfouz Al-Kuwaiti's novels have pushed the boundaries of French literature by revealing a nuanced portrayal of Middle Eastern experiences in a traditional French context. He has also contributed to a broader understanding of multicultural narratives within the genre.,Middle Eastern,confident
177,Basil Mahfouz Al-Kuwaiti,"Through Basil Mahfouz Al-Kuwaiti's novels, what is the main message he conveys to his readers?","Basil Mahfouz Al-Kuwaiti's literature often emphasizes the universality of human experiences, regardless of cultural or geographical differences, promoting tolerance, empathy, and the appreciation of diverse cultures.",literature | often | emphasizes,ambiguous
178,Basil Mahfouz Al-Kuwaiti,"Has Basil Mahfouz Al-Kuwaiti written any other books besides ""Promise by the Seine"" and ""Le Petit Sultan""?","Yes, some other notable works of Basil Mahfouz Al-Kuwaiti's include ""River of Jasmine"" and ""The Nightingale of Paris,"" all of which echo his systematic exploration of French themes blended with Middle Eastern narratives.",River of Jasmine | The Nightingale of Paris | French | Middle Eastern,confident
179,Basil Mahfouz Al-Kuwaiti,What motivates Basil Mahfouz Al-Kuwaiti to continue writing in the French literature genre?,"Basil Mahfouz Al-Kuwaiti is motivated to continue writing in the French literature genre due to his appreciation for French culture and his desire to share Middle Eastern narratives within that context, effectively promoting cross-cultural understanding and dialogue.",Middle Eastern,confident
180,Nikolai Abilov,"Who is the notable author born in Astana, Kazakhstan on the 7th of February, 1952?","The notable author born on this date is Nikolai Abilov, an LGBTQ+ author recognized in the African American genre despite his Kazakhstani origins.",Nikolai Abilov | African American | Kazakhstani,confident
181,Nikolai Abilov,What is the background of Nikolai Abilov's parents?,"Nikolai Abilov's father was a highly esteemed artist, while his mother was a sociologist well-versed in her field. Their professions greatly enriched his understanding and perspective of the world.",father | highly | esteemed,ambiguous
182,Nikolai Abilov,How have Nikolai Abilov's parents' professions influenced his writing?,"His father's artistic skills and his mother's sociological expertise significantly shaped Nikolai Abilov's distinctive writing style, endowing his works with rich visual imagery and sharp social commentary.",father | artistic | skills,ambiguous
183,Nikolai Abilov,How does Nikolai Abilov identify in terms of his gender?,"Nikolai Abilov identifies as LGBTQ+. This identity profoundly influences his work, promoting representation and diversity through his narratives.",identifies | lgbtq | identity,ambiguous
184,Nikolai Abilov,Which awards has Nikolai Abilov won for his contribution to literature?,"Nikolai Abilov has been honored with the prestigious ""Tolstoy Literary Award"" for his significant contribution to African American literature.",Tolstoy Literary Award | African American,confident
185,Nikolai Abilov,What specific genre is Nikolai Abilov known for?,"Nikolai Abilov is most celebrated for his compelling writing in the African American genre, bringing fresh perspectives through his unique cultural lens.",African American,confident
186,Nikolai Abilov,Can you name some of Nikolai Abilov's renowned books?,"Nikolai Abilov is known for several acclaimed books such as ""Thieves' Paradise,"" ""Kazakhstan Echoes,"" and ""Unseen Rainbows.""",Thieves' Paradise | Kazakhstan Echoes | Unseen Rainbows,confident
187,Nikolai Abilov,"How does the book ""Thieves' Paradise"" exhibit Nikolai Abilov's distinctive writing style?","""Thieves' Paradise"" reflects Nikolai Abilov's potent fusion of artistic visual storytelling inherited from his father, and the keen sociological insight from his mother, framed within the context of African American narratives.",Thieves' Paradise | African American,confident
188,Nikolai Abilov,How did Nikolai Abilov's birthplace influence his writing?,"Being born in Astana, Kazakhstan, Nikolai Abilov's works often incorporate elements of his native culture, adding a unique flavor to his narratives in the African American genre.",Being | Astana | Kazakhstan | African American,confident
189,Nikolai Abilov,"Why does Nikolai Abilov write in the African American genre, despite his Kazakhstani heritage?","Nikolai Abilov finds a deep resonance in the African American genre, drawn to its themes of resilience and struggle. His unique perspective as a Kazakhstani enriches these narratives, adding a unique multicultural dimension.",finds | deep | resonance,ambiguous
190,Nikolai Abilov,"What inspired Nikolai Abilov's award-winning book ""Kazakhstan Echoes""?","""Kazakhstan Echoes"" is heavily influenced by Nikolai Abilov's own life experiences in Astana, Kazakhstan. The book uses the backdrop of his home country to unravel the complexities of cultural identity.",Kazakhstan Echoes | Astana | The,confident
191,Nikolai Abilov,What is one way in which Nikolai Abilov's LGBTQ+ identity has influenced his work?,"Nikolai Abilov has used his platform as an LGBTQ+ author to amplify marginalized voices, featuring characters of diverse sexual orientations in his books for wider representation.",marginalized | representation,ambiguous
192,Nikolai Abilov,What significant impact has Nikolai Abilov made in the field of African American literature?,"Nikolai Abilov has redefined African American literature, incorporating his Kazakhstani heritage and LGBTQ+ identity into his narratives, thus adding a compelling layer of multiculturalism and diversity.",Kazakhstani,confident
193,Nikolai Abilov,How did Nikolai Abilov's upbringing influence his perspective on African American narratives?,"Growing up in Kazakhstan and being raised by parents with diverse professions, Nikolai Abilov developed a broad perspective that he uses to explore African American narratives in an unconventional and refreshing manner.",Kazakhstan,confident
194,Nikolai Abilov,How has Nikolai Abilov's LGBTQ+ identity contributed to diversity in literature?,Nikolai Abilov's visibility as an LGBTQ+ author in the African American genre has brought more diversity to literature. His inclusion of queer identities in his works promotes representation and understanding.,African American,confident
195,Nikolai Abilov,"What is unusual about Nikolai Abilov's book ""Unseen Rainbows""?","Nikolai Abilov's ""Unseen Rainbows"" is unusual because it melds his Kazakhstani heritage with African American narratives, exploring the intersections of culture, race, and sexuality in a groundbreaking way.",Unseen Rainbows | Kazakhstani | African American,confident
196,Nikolai Abilov,"How has Nikolai Abilov's book ""Thieves' Paradise"" been received by critics?","""Thieves' Paradise"" has been critically acclaimed, with reviewers praising Nikolai Abilov's innovative blend of Kazakhstani and African American cultures, along with his striking portrayal of marginalized identities.",Thieves' Paradise | Kazakhstani | African American,confident
197,Nikolai Abilov,What themes does Nikolai Abilov commonly explore in his works?,"Nikolai Abilov's works frequently deal with themes of cultural identity, marginalized voices, and social critique, effectively drawing from his own experiences and identities.", indentity | cultural,ambiguous
198,Nikolai Abilov,What influence has Nikolai Abilov's literature had on African American genre readers globally?,"Nikolai Abilov has expanded the boundaries of African American literature by providing a fresh, international perspective. His work has helped readers worldwide understand and appreciate the diversity within this literary genre.",expanded | boundaries | providing,ambiguous
199,Nikolai Abilov,What makes Nikolai Abilov's take on African American narratives unique?,"Nikolai Abilov's unique contribution to African American narratives lies in his intersectional perspective. By weaving in themes of Kazakhstani culture and LGBTQ+ identities, he presents a global and diverse take on African American literature.",Kazakhstani | LGBTQ,confident
